<beans xmlns="http://www.springframework.org/schema/beans"
	xmlns:xsi="http://www.w3.org/2001/XMLSchema-instance"
	xmlns:context="http://www.springframework.org/schema/context"
	xsi:schemaLocation="http://www.springframework.org/schema/beans
	http://www.springframework.org/schema/beans/spring-beans-2.5.xsd
	http://www.springframework.org/schema/context
	http://www.springframework.org/schema/context/spring-context-2.5.xsd">

  <context:component-scan base-package="net.codejava.spring />
  
<bean id="ds" class="org.springframework.jdbc.datasource.DriverManagerDataSource">  
<property name="driverClassName" value="oracle.jdbc.driver.OracleDriver" />  
<property name="url" value="jdbc:oracle:thin:@localhost:1521:xe" />  
<property name="username" value="system" />  
<property name="password" value="system" />  
</bean>  
  
<bean id="jdbcTemplate" class="org.springframework.jdbc.core.JdbcTemplate">  
<property name="dataSource" ref="ds"></property>  
</bean>  
  
<bean id="revokeDao" class="net.codejava.spring.Dao.RevokeUserDaoImpl">  
<property name="jdbcTemplate" ref="jdbcTemplate"></property>  
</bean>  
  
</beans>